id,name,description,base_price,currency,stock,attributes,is_active,source_url,created_at,updated_at,brand_id,category_id,product_type_id
2,Laptop ASUS Vivobook S16 S3607CA-SH082WS,"Laptop Asus Vivobook S16 S3607CA SH082WS - Thiết kế mỏng nhẹ, đậm chất thời trang

Laptop Asus Vivobook S16 S3607CA SH082WS sở hữu cấu hình mạnh mẽ với chip Intel Core Ultra 5 225H, cùng bộ nhớ RAM 16GB DDR5 và SSD 512GB tốc độ cao. Máy sở hữu màn hình 16 inch OLED độ phân giải 1920 x 1200 pixels, tần số quét 60Hz mang đến chuyển động hình ảnh trơn tru. Mẫu màn hình Asus Vivobook này còn trang bị đầy đủ cổng kết nối, đi kèm webcam FHD hỗ trợ mở khóa khuôn mặt.

Laptop Asus Vivobook S16 S3607CA SH082WS là lựa chọn nên cân nhắc cho những người dùng đang cần một thiết bị đáp ứng tốt từ công việc đến giải trí. Sự kết hợp giữa công nghệ mới và khả năng vận hành ổn định mang lại trải nghiệm sử dụng mượt mà, đáng tin cậy.

Laptop Asus Vivobook S16 S3607CA SH082WS được tích hợp loạt tính năng AI thông minh, giúp nâng cao hiệu suất làm việc và trải nghiệm sử dụng hàng ngày. Đặc biệt, máy có sẵn phím tắt Microsoft Copilot, cho phép người dùng truy cập nhanh trợ lý ảo AI. Điều này giúp việc tìm kiếm thông tin, tóm tắt văn bản hay sắp xếp công việc nhanh chỉ với một lần nhấn.",16890000.00,VND,0,"{'"os'": '"Windows 11 Home'", '"ram'": '"16GB'", '"source'": '"cellphones'", '"ai_chip'": '"Intel AI Boost NPU up to 13TOPS'", '"battery'": '"70WHrs, 4S1P, 4-cell Li-ion'", '"purpose'": ['"văn phòng'", '"mỏng nhẹ'"], '"storage'": '"512GB M.2 NVMe PCIe 4.0 SSD'", '"ram_type'": '"DDR5'", '"gpu_model'": '"Intel Arc Graphics'", '"ram_slots'": '"Có thể nâng cấp; Cần tháo vỏ dưới/trên'", '"specs_raw'": {'"Loại CPU'": '"Intel Core Ultra 5 225H 1.7 GHz (18MB Cache, up to 4.9 GHz, 14 lõi, 14 luồng)'", '"Cổng giao tiếp'": '"2x USB 3.2 Gen 1 Type-A (tốc độ dữ liệu lên đến 5Gbps) 2x USB 3.2 Gen 1 Type-C hỗ trợ hiển thị/cấp nguồn (tốc độ dữ liệu lên đến 5Gbps) 1x HDMI 1.4 1x Giắc cắm âm thanh kết hợp 3.5mm'", '"Độ phân giải màn hình'": '"1920 x 1200 pixels'"}, '"screen_size_inch'": 16, '"screen_technologies'": ['"Độ sáng 300 nits Độ sáng tối đa 500 nits Độ phủ màu 95% DCI-P3 Tỷ lệ tương phản 1.000.000:1 1.07 tỷ màu Màn hình chống chói Ánh sáng xanh thấp'", '"giảm 70% ánh sáng xanh có hại'"]}",t,https://cellphones.com.vn/laptop-asus-vivobook-s16-s3607ca-sh082ws-cu-dep.html,2026-04-15 09:05:55.427105+00,2026-04-15 09:05:55.427118+00,1,1,1
3,Laptop Lenovo IdeaPad Slim 5 OLED 14AKP10 83HX001JVN,"Laptop Lenovo IdeaPad Slim 5 14AKP10 83HX001JVN Ryzen AI 7 - Đa nhiệm mượt, hoạt động tốt

Laptop Lenovo IdeaPad Slim 5 14AKP10 83HX001JVN Ryzen AI 7 mang màu xám tinh tế, sở hữu màn hình 14 inch đạt chuẩn 100% DCI-P3, hiển thị màu sắc chân thực. Máy trang bị vi xử lý AMD Ryzen AI 7 350, kết hợp RAM 32GB, ổ cứng SSD 1TB cho khả năng đa nhiệm ấn tượng và lưu trữ lớn. Laptop có âm thanh Dolby Audio và hỗ trợ phím Copilot AI.

Laptop Lenovo IdeaPad Slim 5 14AKP10 83HX001JVN Ryzen AI 7 mang thiết kế tinh tế, hiệu suất vượt trội và giá cả cũng khá hợp lý. Dù người dùng làm việc văn phòng hay sáng tạo nội dung, giải trí thì mẫu laptop AI cũng đáp ứng mọi yêu cầu hiệu quả.

Laptop Lenovo IdeaPad nằm trong thế hệ Copilot+ PC — dòng laptop mới tích hợp trí tuệ nhân tạo trực tiếp. Vì thế sẽ giúp người dùng thao tác nhanh, làm việc thông minh và tiết kiệm thời gian hơn.",19390000.00,VND,0,"{'"os'": '"Windows 11 Home Single Language, English'", '"ram'": '"32GB'", '"source'": '"cellphones'", '"ai_chip'": '"AMD Ryzen AI, up to 50 TOPS'", '"battery'": '"60Wh (65W USB-C Slim (Wall-mount))'", '"purpose'": ['"văn phòng'", '"mỏng nhẹ'", '"laptop AI'"], '"storage'": '"1TB SSD M.2 2242 PCIe 4.0x4 NVMe (Tối đa hai ổ đĩa, 2x M.2 SSD • M.2 2242 SSD lên đến 1TB)'", '"ram_type'": '"DDR5-5600'", '"gpu_model'": '"AMD Radeon 860M Graphics'", '"ram_slots'": '"2 khe (2 x 16GB SO-DIMM DDR5-5600, tối đa 32GB)'", '"specs_raw'": {'"Loại CPU'": '"AMD Ryzen AI 7 350 (8 lõi / 16 luồng, 2.0 / 5.0GHz, 8MB L2 / 16MB L3)'", '"Cổng giao tiếp'": '"1x USB-A (5Gbps / 3.2 Gen 1) 1x USB-A (5Gbps /  3.2 Gen 1), Luôn bật 2x USB-C (10Gbps / 3.2 Gen 2), với USB PD 3.0 và DisplayPort 1.4 1x HDMI 2.1, lên đến 4K/60Hz 1x giắc cắm kết hợp tai nghe / micrô (3.5 mm) 1x đầu đọc thẻ nhớ microSD'", '"Độ phân giải màn hình'": '"1920 x 1200 pixels (WUXGA)'"}, '"screen_size_inch'": 14, '"screen_technologies'": ['"Độ sáng 400nits Glossy Độ phủ màu 100% DCI-P3 DisplayHDR True Black 500'"]}",t,https://cellphones.com.vn/laptop-lenovo-ideapad-slim-5-14akp10-83hx001jvn-cu-xuoc-can.html,2026-04-15 09:06:25.27551+00,2026-04-15 09:06:25.275521+00,2,1,1
8,Laptop Acer Aspire Go 15 AG15-51P-3151 NX.J4DSV.001,"Laptop Acer Aspire Go 15 AG15-51P-3151 - Hiệu năng bền bỉ, thiết kế tối ưu

Laptop Acer Aspire Go 15 AG15-51P-3151 sở hữu màn hình 15.3 inch độ phân giải FHD+ và RAM DDR5 8GB, mang đến trải nghiệm làm việc mượt mà và sắc nét. Vi xử lý Intel Core i3-1215U đạt tốc độ tối đa 4.4GHz, giúp máy xử lý nhanh các tác vụ học tập, văn phòng cơ bản. Ngoài ra, ổ cứng 512GB còn giúp khởi động máy nhanh, truy xuất dữ liệu hiệu quả.

Acer Aspire Go 15 AG15-51P-3151 mang đến sự cân bằng giữa hiệu suất và thiết kế tinh tế cho người dùng văn phòng, học sinh và sinh viên. Sản phẩm sở hữu bộ vi xử lý Intel thế hệ mới, tích hợp hàng loạt tính năng hữu ích phục vụ công việc và học tập hàng ngày.

Laptop Acer Aspire Go 15 AG15-51P-3151 được trang bị sẵn 8GB RAM DDR5, mang đến tốc độ truyền tải dữ liệu cao hơn so với chuẩn DDR4 truyền thống. Theo đó, tốc độ bộ nhớ RAM của laptop Acer Aspire này lên đến 5600 MT/s, giúp hệ thống vận hành trơn tru, phản hồi nhanh khi chuyển đổi giữa nhiều ứng dụng.",7290000.00,VND,0,"{'"os'": '"Windows 11 Home SL'", '"ram'": '"8GB'", '"source'": '"cellphones'", '"battery'": '"53 Wh 3-cell, 65W PD PCR 50%, TCO 9.0 AC adapter'", '"purpose'": ['"văn phòng'", '"mỏng nhẹ'", '"đồ hoạ - kỹ thuật'"], '"storage'": '"512GB PCIe NVMe SSD (Up to 2TB PCIe Gen4 NVMe SSD)'", '"ram_type'": '"DDR5 5600 MT/s'", '"gpu_model'": '"Intel UHD Graphics'", '"ram_slots'": '"2 khe (1x 8GB, nâng cấp tối đa 32GB)'", '"specs_raw'": {'"Loại CPU'": '"Intel Core i3-1215U (6 lõi / 8 luồng, 1.2 GHz, 4.40 GHz, 10 MB Intel Smart Cache)'", '"Cổng giao tiếp'": '"2x USB Type-C 2x USB-A Cổng HDMI 2.1 hỗ trợ HDCP Giắc cắm tai nghe/loa 3.5 mm, hỗ trợ tai nghe có micrô tích hợp Giắc cắm DC-in cho bộ đổi nguồn AC'", '"Độ phân giải màn hình'": '"1920 x 1200 pixels (WUXGA)'"}, '"screen_size_inch'": 15.3, '"screen_technologies'": ['"Màn hình LCD TFT có đèn nền LED Acer ComfyView Góc nhìn rộng lên đến 170 độ Không chứa thủy ngân'", '"thân thiện với môi trường Độ sáng 300nits Độ phủ màu NTSC 45%'"]}",t,https://cellphones.com.vn/laptop-acer-aspire-go-15-ag15-51p-3151-nxj4dsv001-cu-dep.html,2026-04-15 09:07:16.958806+00,2026-04-15 09:07:16.958818+00,3,1,1
13,Laptop Lenovo ThinkPad X1 Carbon Gen 12 21KC008PVN,"Laptop Lenovo ThinkPad X1 Carbon Gen 12 21KC008PVN - Hiệu suất đỉnh cao trong ngoại hình gọn nhẹ

Laptop Lenovo ThinkPad X1 Carbon Gen 12 21KC008PVN được trang bị bộ vi xử lý Ultra 7 155H, 32GB RAM LPDDR5x-6400, ổ cứng SSD PCIe 4.0x4 dung lượng 1TB. Laptop tích hợp card đồ họa Intel Arc Graphics, đi kèm màn hình 14 inch 2.8K OLED 120Hz. Cùng với đó sản phẩm còn sở hữu hệ thống cổng kết nối đa dạng, pin 57Wh hỗ trợ sạc nhanh 65W.

Lenovo ThinkPad X1 Carbon Gen 12 21KC008PVN sẽ là trợ thủ đắc lực dành cho doanh nhân, lập trình viên hay nhiều đối tượng khác. Mẫu laptop Lenovo ThinkPad này sở hữu hàng loạt những ưu điểm tuyệt với hiệu suất mạnh mẽ và thiết kế mỏng nhẹ.

Laptop Lenovo ThinkPad X1 Carbon Gen 12 21KC008PVN sở hữu đến 32GB RAM LPDDR5x-6400 hàn chết trên bo mạch, đem đến khả năng xử lý nhanh, đa nhiệm ấn tượng. RAM sử dụng công nghệ LPDDR5x tiên tiến, không những tiết kiệm điện mà còn tăng cường độ bền, đảm bảo laptop hoạt động mượt mà ngay cả khi chạy nhiều tác vụ nặng.",45290000.00,VND,0,"{'"os'": '"Windows 11 Pro, English'", '"ram'": '"32GB'", '"source'": '"cellphones'", '"ai_chip'": '"Intel AI Boost, up to 11 TOPS'", '"battery'": '"57Wh (USB-C mỏng 65W (3 chân))'", '"purpose'": ['"văn phòng'", '"mỏng nhẹ'", '"đồ hoạ - kỹ thuật'"], '"storage'": '"1TB SSD M.2 2280 PCIe 4.0x4 Performance NVMe Opal 2.0 (Một ổ đĩa, tối đa 2TB M.2 2280 SSD)'", '"ram_type'": '"LPDDR5x-6400 Onboard'", '"gpu_model'": '"Intel Arc Graphics'", '"ram_slots'": '"Không nâng cấp'", '"specs_raw'": {'"Loại CPU'": '"Intel Core Ultra 7 155H, 16 lõi (6P + 8E + 2LPE) / 22 luồng, Max Turbo up to 4.8GHz, 24MB'", '"Cổng giao tiếp'": '"1x USB-A (5Gbps / USB 3.2 Gen 1) 1x USB-A (5Gbps / USB 3.2 Gen 1), Luôn bật 2x USB-C (Thunderbolt 4 / USB4 40Gbps), với USB PD 3.0 và DisplayPort 2.1 1x HDMI 2.1, lên đến 4K/60Hz 1x giắc cắm kết hợp tai nghe / micrô (3.5 mm)'", '"Độ phân giải màn hình'": '"2880 x 1800 pixels'"}, '"screen_size_inch'": 14, '"screen_technologies'": ['"Độ sáng 400nits Chống chói/Chống phản chiếu/Chống nhòe Độ phủ màu 100% DCI-P3 DisplayHDR True Black 500 Dolby Vision'"]}",t,https://cellphones.com.vn/laptop-lenovo-thinkpad-x1-carbon-gen-12-21kc008pvn-cu-dep.html,2026-04-15 09:07:36.066039+00,2026-04-15 09:07:36.06605+00,2,1,1
1,Laptop ASUS ExpertBook B1 B1402CVA-NK0149W,"Laptop ASUS Expertbook B1402CVA-NK0149W - Mỏng nhẹ, hiệu năng toàn diện

Laptop ASUS Expertbook B1402CVA-NK0149W mang lại hiệu suất mạnh mẽ cho người dùng do sở hữu bộ vi xử lý Intel Core i5-1335U và bộ nhớ DDR5 8GB. Kết hợp với đó là màn hình 14.0 inch FHD (1920 x 1080) với tần số làm mới 60Hz đem lại trải nghiệm hình ảnh sắc nét và sống động. Đặc biệt, chiếc laptop có thiết kế thanh lịch tích hợp Wi-Fi 6E, Bluetooth 5.2 và đầy đủ cổng kết nối.

Nếu bạn đang muốn sở hữu một chiếc laptop ASUS Expertbook vừa mỏng nhẹ vừa có hiệu suất mạnh mẽ, thì ASUS Expertbook B1402CVA-NK0149W có thể đáp ứng tốt. Chiếc laptop được cấu hình mạnh mẽ từ con chip Intel thế hệ 13 ổn định với thiết kế mỏng, nhẹ dễ dàng di chuyển.

Laptop ASUS Expertbook B1402CVA-NK0149W cung cấp khả năng xử lý nhanh chóng cho các ứng dụng đòi hỏi tài nguyên cao như xử lý video, đồ họa hay chơi game. Điều này là hoàn toàn nhờ vào trang bị bộ nhớ 8GB chuẩn DDR4.",7990000.00,VND,0,"{'"os'": '"Windows 11 Home'", '"ram'": '"8GB'", '"source'": '"cellphones'", '"battery'": '"42WHrs, 3S1P, 3-cell Li-ion'", '"purpose'": ['"văn phòng'", '"mỏng nhẹ'"], '"storage'": '"256GB M.2 2280 NVMe PCIe 4.0 SSD'", '"ram_type'": '"DDR4 Onboard'", '"gpu_model'": '"Intel UHD Graphics'", '"specs_raw'": {'"Loại CPU'": '"Intel Core i5-1335U (1.3GHz, 12M Cache, up to 4.6GHz, 10 lõi)'", '"Cổng giao tiếp'": '"1x USB 2.0 Type-A 1x USB 3.2 Gen 1 Type-A 1x USB 3.2 Gen 1 Type-C 1x USB 3.2 Gen 2 Type-C 1x HDMI 1x Jack cắm âm thanh 1x RJ45 Gigabit Ethernet'", '"Độ phân giải màn hình'": '"1920 x 1080 pixels (FullHD)'"}, '"screen_size_inch'": 14, '"screen_technologies'": ['"LED Backlit Độ sáng 250nits Độ phủ màu NTSC: 45% Góc nhìn (H/V) 90/65 Thời gian phản hồi (Typ/Max) (ms) 10/20 Độ tương phản 500:1 Màn hình 16:9 Màn hình chống chói'"]}",t,https://cellphones.com.vn/laptop-asus-expertbook-b1402cva-nk0149w-cu-xuoc-can.html,2026-04-15 09:05:49.432888+00,2026-04-15 09:05:49.4329+00,1,1,1
4,Laptop Acer Aspire Lite 16 AI AL16-71P-71WU,"Laptop Acer Aspire Lite 16 AI AL16-71P-71WU - Sức mạnh AI đột phá, thiết kế di động

Laptop Acer Aspire Lite 16 AI AL16-71P-71WU tích hợp sức mạnh từ bộ xử lý Intel Core Ultra 7 155H thế hệ mới, bộ nhớ 16GB RAM DDR5 và ổ cứng 512GB SSD. Màn hình 16 inch FHD+ với tỷ lệ 16:10 cung cấp không gian hiển thị tối ưu cho mọi tác vụ. Đặc biệt, hiệu suất AI 11 TOPS từ NPU chuyên dụng mang đến trải nghiệm thông minh và hiệu quả.

Laptop Acer Aspire Lite 16 AI AL16-71P-71WU mang đến một sự kết hợp giữa công nghệ xử lý thông minh và một thiết kế mỏng nhẹ đầy linh hoạt. Những tính năng vượt trội này được thể hiện rõ nét qua từng chi tiết cấu thành nên sản phẩm.

Chiếc laptop Acer Aspire này tiên phong tích hợp bộ xử lý Intel Core Ultra 7 155H, mở ra kỷ nguyên của máy tính AI cá nhân. Con chip này được trang bị NPU giúp tăng tốc vượt trội các tác vụ trí tuệ nhân tạo mà không ảnh hưởng hiệu suất. Hiệu suất AI của NPU đạt 11 TOPS, đảm bảo khả năng xử lý thuật toán phức tạp và tối ưu hóa năng lượng tiêu thụ.",15990000.00,VND,0,"{'"os'": '"Windows 11 Home Single Language'", '"ram'": '"16GB'", '"source'": '"cellphones'", '"battery'": '"58Wh 3-cell Li-ion battery / 90W AC adapter'", '"purpose'": ['"văn phòng'", '"mỏng nhẹ'", '"laptop AI'", '"đồ hoạ - kỹ thuật'"], '"storage'": '"512GB PCIe NVMe SSD (Nâng cấp tối đa 2TB)'", '"ram_type'": '"DDR5 Up to 5600 MT/s'", '"gpu_model'": '"Intel ARC Graphics'", '"ram_slots'": '"2 khe (2 x 8GB, Nâng cấp tối đa 64GB)'", '"specs_raw'": {'"Loại CPU'": '"Intel Core Ultra 7 155H (16 lõi / 18 luồng / 3.6 GHz / Tần số Turbo tối đa của P-core : 4.8 GHz / 24 MB Intel Smart Cache)'", '"Cổng giao tiếp'": '"2x USB Type-C 2x USB Standard-A Cổng HDMI 1.4 hỗ trợ HDCP Thẻ nhớ microSD lên đến 512 GB (tương thích SDXC, tương thích exFAT) Giắc cắm tai nghe/loa 3.5 mm, hỗ trợ tai nghe có micrô tích hợp'", '"Độ phân giải màn hình'": '"1920 x 1200 pixels (FullHD+)'"}, '"screen_size_inch'": 16, '"screen_technologies'": ['"Độ sáng 300nits Độ phủ màu NTSC 45% Màn hình LCD TFT đèn nền LED Acer ComfyView Góc nhìn rộng'"]}",t,https://cellphones.com.vn/laptop-acer-aspire-lite-16-ai-al16-71p-71wu-cu-dep.html,2026-04-15 09:06:31.344958+00,2026-04-15 09:06:31.344971+00,3,1,1
5,Laptop Dell 15 DC15255 HV1N4,"Laptop Dell 15 DC15255 HV1N4 - Thiết kế sang trọng và màn hình sắc nét

Laptop Dell 15 DC15255 HV1N4 sở hữu bộ nhớ RAM 16 GB với cấu hình hai thanh 8 GB, cho phép hệ thống duy trì hiệu suất mượt mà khi chạy nhiều ứng dụng. Trọng lượng máy khoảng 1.90 kg mang lại sự cân đối khi di chuyển. Màn hình thiết bị hoạt động ở tần số 60 Hz, cho hình ảnh hiển thị ổn định trong các nhu cầu sử dụng.

Laptop Dell 15 DC15255 HV1N4 phù hợp cho nhu cầu học tập và làm việc hằng ngày của người dùng phổ thông. Model laptop Dell 15 này mang đến trải nghiệm sử dụng tốt với thiết kế dễ tiếp cận.

Máy được trang bị tổng dung lượng RAM 16 GB theo cấu hình 8 GB + 8 GB, đáp ứng tốt nhu cầu làm việc và đa nhiệm hằng ngày. Loại RAM DDR4 giúp hệ thống laptop vận hành ổn định và duy trì hiệu suất trong quá trình sử dụng.",11890000.00,VND,0,"{'"os'": '"Windows 11'", '"ram'": '"16GB'", '"source'": '"cellphones'", '"battery'": '"3-cell, 41 Wh'", '"purpose'": ['"văn phòng'", '"mỏng nhẹ'"], '"storage'": '"1TB SSD'", '"ram_type'": '"DDR4'", '"gpu_model'": '"Intel Iris Xe Graphics'", '"ram_slots'": '"2 khe (2 x 8GB, tối đa 24GB)'", '"specs_raw'": {'"Loại CPU'": '"AMD Ryzen 5 7530U'", '"Cổng giao tiếp'": '"1 x Khe đọc thẻ SD 1 x USB 2.0 1 x Cổng âm thanh đa năng (Universal Audio) 1 x HDMI 1.4 1 x USB 3.2 Gen 1 1 x USB Type-C'", '"Độ phân giải màn hình'": '"1920 x 1080 pixels (FullHD)'"}, '"screen_size_inch'": 15.6, '"screen_technologies'": ['"Độ phủ màu 45% NTSC'"]}",t,https://cellphones.com.vn/laptop-dell-15-dc15255-hv1n4-cu-tray-xuoc.html,2026-04-15 09:07:07.089406+00,2026-04-15 09:07:07.089417+00,4,1,1
6,Laptop Dell Inspiron 15 3530 N3530,"Laptop Dell Inspiron 15 3530 N3530 - Hiệu năng vượt trội, thiết kế hiện đại

Laptop Dell Inspiron 15 3530 N3530 sở hữu bộ vi xử lý Intel Core i5 và ổ cứng SSD 512GB, đáp ứng tốt các tác vụ hàng ngày và đa nhiệm mượt mà. Với thiết kế mỏng nhẹ cùng màn hình 15.6 inch FHD sắc nét, laptop mang lại trải nghiệm hình ảnh sống động. Laptop còn có hệ điều hành bản quyền Windows 11 Home SL phục vụ công việc, học tập và giải trí.

Laptop Dell Inspiron 15 3530 N3530 là sự kết hợp lý tưởng giữa hiệu năng và thiết kế, mang đến trải nghiệm sử dụng tuyệt vời cho nhiều đối tượng người dùng. Sản phẩm laptop Dell Inspiron này nổi bật với khả năng đa nhiệm ấn tượng và nhiều tính năng khác sau đây.

Laptop tích hợp 16GB bộ nhớ RAM DDR4, là yếu tố đảm bảo khả năng xử lý đồng thời nhiều tác vụ. Người dùng có thể thoải mái mở và vận hành đồng thời nhiều ứng dụng khác nhau mà hệ thống vẫn duy trì được sự mượt mà và ổn định. Dell Inspiron 15 3530 N3530 còn được trang bị ổ cứng SSD 512GB chuẩn NVMe PCIe, một công nghệ lưu trữ tiên tiến mang lại tốc độ khởi động hệ thống và các ứng dụng vượt trội. Nhờ đó, người dùng có thể tiết kiệm đáng kể thời gian chờ đợi và nhanh chóng bắt đầu công việc. Dung lượng này đủ lớn để lưu trữ và còn đảm bảo khả năng truy xuất dữ liệu một cách nhanh chóng, hiệu quả.",11890000.00,VND,0,"{'"os'": '"Windows 11 Home'", '"ram'": '"16GB'", '"source'": '"cellphones'", '"battery'": '"Pin liền, 3-Cell Battery, 41WHr'", '"purpose'": ['"văn phòng'", '"mỏng nhẹ'"], '"storage'": '"512GB M.2 2230 NVMe PCIe SSD'", '"ram_type'": '"DDR4 2666MHz'", '"gpu_model'": '"Intel Iris Xe Graphics'", '"ram_slots'": '"2 khe (2x 8GB, tối đa 16GB)'", '"specs_raw'": {'"Loại CPU'": '"Intel Core i5-1334U (12MB Cache, up to 4.6 GHz)'", '"Cổng giao tiếp'": '"1x cổng HDMI 1.4 1x cổng USB 3.2 Gen 1 1x cổng USB 2.0 1x cổng USB 3.2 Gen 1 Type-C 1x cổng âm thanh phổ thông'", '"Độ phân giải màn hình'": '"1920 x 1080 pixels (FullHD)'"}, '"screen_size_inch'": 15.6, '"screen_technologies'": ['"Màn hình chống chói'"]}",t,https://cellphones.com.vn/laptop-dell-inspiron-15-3530-n3530-16gb-cu-xuoc-can.html,2026-04-15 09:07:09.157008+00,2026-04-15 09:07:09.157076+00,5,1,1
7,Laptop HP 14-EP1178TU C89ZRPA - Đã Kích Hoạt,"Laptop HP 14-EP1178TU C89ZRPA - Trọng lượng nhẹ, hiệu năng ổn định

Laptop HP 14-EP1178TU C89ZRPA được ưu ái trang bị RAM 16GB cùng ổ cứng SSD PCIe với dung lượng lên tới 1TB, giúp thiết bị vận hành mượt mà và hiệu quả hơn. Máy nặng 1.4kg với kích thước 32.4 x 21.5 x 1.79 cm nên rất dễ mang theo hằng ngày. Laptop dùng đồ họa Intel®, cho khả năng xử lý hình ảnh mượt mà.

Laptop HP 14-EP1178TU C89ZRPA với hiệu năng ổn định cho nhu cầu học tập và làm việc hằng ngày. Dòng laptop HP Compaq này được thiết kế gọn nhẹ, phù hợp để mang theo và sử dụng trong nhiều môi trường khác nhau.

Laptop được trang bị RAM 16GB chuẩn DDR4, mang lại khả năng xử lý ổn định trong nhiều tác vụ. Bộ nhớ của máy đạt tốc độ bus 3200MHz cho phép duy trì hiệu năng mượt mà khi đa nhiệm.",15590000.00,VND,0,"{'"os'": '"Windows 11 Home Single Language 64-bit'", '"ram'": '"16GB'", '"source'": '"cellphones'", '"battery'": '"3 Cell Int (41.04Wh)'", '"purpose'": ['"văn phòng'", '"mỏng nhẹ'"], '"storage'": '"1TB SSD PCIe (M.2 2280)'", '"ram_type'": '"DDR4 3200Mhz'", '"gpu_model'": '"Intel Graphics'", '"ram_slots'": '"2 khe (2 x 8GB)'", '"specs_raw'": {'"Loại CPU'": '"Intel Core 5 120U (10 cores) - Max Turbo Frequency: 5.00 GHz'", '"Cổng giao tiếp'": '"2 x USB 3.2 Gen 1 Type-A 1 x USB 3.2 Gen 2 Type-C (hỗ trợ Power Delivery/DisplayPort/HP Sleep and Charge) 1 x HDMI 1 x Giắc cắm âm thanh kết hợp tai nghe/micrô'", '"Độ phân giải màn hình'": '"1920 x 1080 pixels (FullHD)'"}, '"screen_size_inch'": 14, '"screen_technologies'": ['"Màn hình chống chói'"]}",t,https://cellphones.com.vn/laptop-hp-14-ep1178tu-c89zrpa-cu-da-kich-hoat.html,2026-04-15 09:07:13.514176+00,2026-04-15 09:07:13.514188+00,5,1,1
9,Laptop Acer Nitro V ANV15-41-R2UP NH.QPGSV.004,"Laptop Acer Nitro V ANV15-41-R2UP - Thiết kế cá tính, cấu hình mạnh mẽ

Laptop Acer Nitro V ANV15-41-R2UP sở hữu sức mạnh ấn tượng khi được trang bị bộ xử lý AMD Ryzen 5 6600H cùng card đồ họa RTX 2050 4GB GDDR6 VRAM. Mẫu laptop Acer Nitro V này còn cung cấp khả năng hiển thị sống động, mượt mà với màn hình 15.6 inch 165Hz. Kèm theo đó là khả năng nâng cấp RAM tối đa 64GB và bộ nhớ lên tới 4TB.

Laptop Acer Nitro V ANV15-41-R2UP với cấu hình mạnh mẽ sẽ đáp ứng tốt mọi nhu cầu về sáng tạo và chơi game của người dùng. Kèm theo đó là kích thước vừa phải, thiết kế chuẩn gaming cao cấp, phù hợp để mang theo và sử dụng ở mọi không gian.

Laptop Acer Nitro V ANV15-41-R2UP sở hữu hiệu năng mạnh mẽ khi được trang bị bộ xử lý AMD Ryzen 5 6600H. Bộ xử lý 6 lõi, 12 luồng của AMD này sở hữu tốc độ CPU tối đa lên tới 4.5GHz ở chế độ Turbo Boost. Kèm theo đó là bộ nhớ 3MB L2 cache và 16MB L3 cache, giúp đẩy nhanh khả năng xử lý dữ liệu của CPU.",12990000.00,VND,0,"{'"os'": '"Windows 11 Home Single Language'", '"ram'": '"16GB'", '"source'": '"cellphones'", '"battery'": '"57Whr 4-cell, 135W AC Adapter'", '"purpose'": ['"gaming'", '"laptop AI'", '"đồ hoạ - kỹ thuật'"], '"storage'": '"512GB PCIe NVMe SSD (nâng cấp tối đa 4 TB SSD)'", '"ram_type'": '"DDR5 4800MHz'", '"gpu_model'": '"NVIDIA GeForce RTX 2050 với 4 GB VRAM GDDR6 chuyên dụng, hỗ trợ 2048 lõi NVIDIA CUDA'", '"ram_slots'": '"2 khe (1 x 16GB, nâng cấp tối đa 64GB)'", '"specs_raw'": {'"Loại CPU'": '"AMD Ryzen 5 6600H (6 lõi / 12 luồng, 3.3 GHz, 4.5 GHz, 3 MB L2 cache, up to 16 MB L3 cache)'", '"Cổng giao tiếp'": '"1x USB Type-C (40Gbps / DisplayPort over USB-C / Sạc) 3x USB 3.2 Gen 1 1x HDMI 2.1 (có hỗ trợ HDCP) 1x Jack 3.5mm: tai nghe/loa, hỗ trợ tai nghe có micro tích hợp 1x Cổng Ethernet (RJ-45) 1x Cổng sạc DC-in cho adapter'", '"Độ phân giải màn hình'": '"1920 x 1080 pixels (FullHD)'"}, '"screen_size_inch'": 15.6, '"screen_technologies'": ['"Màn hình LCD TFT có đèn nền LED Acer ComfyView Độ phủ màu 45% NTSC Độ sáng 300nits'"]}",t,https://cellphones.com.vn/laptop-acer-nitro-v-anv15-41-r2up-cu-tray-xuoc.html,2026-04-15 09:07:18.927001+00,2026-04-15 09:07:18.927012+00,3,1,1
10,Laptop ASUS VivoBook 16 X1607CA-MB980W - Đã Kích Hoạt,"Laptop ASUS VivoBook 16 X1607CA-MB980W – Nền tảng làm việc linh hoạt

Laptop ASUS VivoBook 16 X1607CA-MB980W được trang bị bộ vi xử lý Intel Core Ultra 5 225H, tích hợp Intel AI Boost NPU hỗ trợ các tác vụ AI trên Windows. Máy đi kèm RAM 16GB DDR5 và ổ cứng 512GB SSD giúp đa nhiệm mượt mà. Máy có pin 42Wh và đầy đủ cổng kết nối phục vụ tốt cho công việc và học tập hàng ngày.

Laptop ASUS VivoBook 16 X1607CA-MB980W hướng đến người dùng cần một chiếc laptop màn hình lớn và khả năng vận hành ổn định. Sự kết hợp giữa phần cứng, bộ nhớ DDR5 và thiết kế tinh gọn giúp thiết bị phù hợp cho mọi nhu cầu.

Mẫu laptop ASUS VivoBook này được trang bị sẵn RAM 16GB, mang lại băng thông cao và khả năng xử lý dữ liệu hiệu quả hơn so với các thế hệ RAM trước. Điều này giúp hệ thống vận hành ổn định khi xử lý công việc phức tạp. Người dùng cũng có thể làm việc mượt mà với phần mềm văn phòng hoặc đồ hoạ.",18090000.00,VND,0,"{'"os'": '"Windows 11 Home'", '"ram'": '"16GB'", '"source'": '"cellphones'", '"ai_chip'": '"Intel AI Boost NPU up to 13TOPS'", '"battery'": '"42WHrs, 3S1P, 3-cell Li-ion'", '"purpose'": ['"văn phòng'", '"laptop AI'", '"đồ hoạ - kỹ thuật'"], '"storage'": '"512GB M.2 NVMe PCIe 4.0 SSD'", '"ram_type'": '"DDR5 on board'", '"gpu_model'": '"Intel Graphics'", '"specs_raw'": {'"Loại CPU'": '"Intel Core Ultra 5 225H 1.7 GHz (18MB Cache, up to 4.9 GHz, 14 lõi, 14 luồng)'", '"Cổng giao tiếp'": '"2 x USB 3.2 Gen 1 Type-A (tốc độ dữ liệu lên đến 5Gbps) 2 x USB 3.2 Gen 1 Type-C (hỗ trợ xuất hình ảnh và sạc, tốc độ dữ liệu lên đến 5Gbps) 1 x HDMI 1.4 1 x Jack âm thanh 3.5 mm (tai nghe / micro)'", '"Độ phân giải màn hình'": '"1920 x 1200 pixels (WUXGA)'"}, '"screen_size_inch'": 16, '"screen_technologies'": ['"Độ sáng 300nits Độ phủ màu 45% NTSC Màn hình chống chói'"]}",t,https://cellphones.com.vn/laptop-asus-vivobook-16-x1607ca-mb980w-cu-da-kich-hoat.html,2026-04-15 09:07:20.624851+00,2026-04-15 09:07:20.624862+00,1,1,1
11,Laptop ASUS ZenBook 14 UM3406GA-QD073WS - Đã Kích Hoạt,"Laptop ASUS Zenbook 14 UM3406GA-QD073WS – Hiệu suất tốt, bộ nhớ cao

Laptop ASUS Zenbook 14 UM3406GA-QD073WS được trang bị chipset GORGON POINT 6C (GPT3) xử lý hiệu quả, cùng card đồ họa AMD Radeon Graphics hiện đại. Mẫu laptop ASUS này còn đi cùng RAM 32GB và ổ cứng dung lượng 1TB. Hơn thế nữa, thiết kế màn hình 14 inch cũng cho phép quan sát thoải mái.

ASUS Zenbook 14 UM3406GA-QD073WS là chiếc laptop hướng đến người dùng yêu cầu thiết bị bền và đẹp. Với các đặc điểm vượt trội, dòng laptop AI này có thể mang lại trải nghiệm ấn tượng khi sử dụng.

Laptop ASUS Zenbook 14 UM3406GA-QD073WS được xây dựng xoay quanh trải nghiệm làm việc thông minh nhờ tích hợp Copilot. Điều này giúp người dùng tiếp cận nhanh các công cụ hỗ trợ bằng AI, từ gợi ý nội dung, tối ưu quy trình làm việc đến hỗ trợ đa nhiệm hiệu quả.",33390000.00,VND,0,"{'"os'": '"Windows 11 Home'", '"ram'": '"32GB'", '"source'": '"cellphones'", '"ai_chip'": '"AMD XDNA NPU up to 50TOPS'", '"battery'": '"75WHrs, 4S1P, 4-cell Li-ion'", '"purpose'": ['"văn phòng'", '"laptop AI'", '"đồ hoạ - kỹ thuật'"], '"storage'": '"1TB M.2 NVMe PCIe 4.0 SSD'", '"ram_type'": '"LPDDR5X on board'", '"gpu_model'": '"AMD Radeon Graphics'", '"specs_raw'": {'"Loại CPU'": '"AMD Ryzen AI 7 445'", '"Cổng giao tiếp'": '"1 x USB 3.2 Gen 1 Type-A (5 Gbps) 1 x USB 3.2 Gen 2 Type-C (hỗ trợ xuất hình & sạc, 10 Gbps) 1 x USB 4.0 Gen 3 Type-C (hỗ trợ xuất hình & sạc, 40 Gbps) 1 x HDMI 2.1 (TMDS) 1 x Jack tai nghe / micro 3.5 mm'", '"Độ phân giải màn hình'": '"1920 x 1200 pixels (WUXGA)'"}, '"screen_size_inch'": 14, '"screen_technologies'": ['"Thời gian phản hồi 0.2ms Độ sáng 400nits Độ sáng tối đa 600nits (độ sáng tối đa HDR) Độ phủ màu 100% DCI-P3 Tỷ lệ tương phản 1.000.000:1 True Black 600 1.07 tỷ màu Giảm 70% ánh sáng xanh có hại Màn hình SGS Eye Care'"]}",t,https://cellphones.com.vn/laptop-asus-zenbook-14-um3406ga-qd073ws-cu-da-kich-hoat.html,2026-04-15 09:07:22.311473+00,2026-04-15 09:07:22.311484+00,1,1,1
12,Laptop Dell Inspiron 15 3520 6R6NK V2,"Laptop Dell Inspiron 15 3520 6R6NK 16GB - Hoạt động bền bỉ, kết nối giữa công việc và giải trí

Laptop Dell Inspiron 15 3520 6R6NK 16GB với trang bị cấu hình tốt kết hợp cùng con chip Intel Core i5 1235U phù hợp cho các tác vụ văn phòng, học tập. CPU Intel Core i5 thế hệ 12 cùng màn hình 15.6 inch tần số quét cao giúp máy xử lý các tác vụ giải trí mượt mà, ổn định. Thiết kế laptop Dell Inspiron với vẻ ngoài tối giản cổng kết nối giúp máy mỏng nhẹ, dễ di chuyển khi làm việc, học tập.

Laptop Dell Inspiron 15 3520 6R6NK 16GB là mẫu laptop với các trang bị được tối ưu cho công việc, học tập và giải trí. Với ngoại hình tối giản, gọn nhẹ cùng chức năng đa dạng, dòng laptop đến từ thương hiệu Dell này sẽ không làm người dùng thất vọng.

Laptop Dell Inspiron 15 3520 6R6NK 16GB được xây dựng kết hợp với RAM DDR4 16GB cho người dùng đa nhiệm các tác vụ cùng lúc một cách mượt mà. Ở phiên bản này, laptop Dell Inspiron 15 3520 6R6NK được Dell trang bị tận 2 khe RAM DDR4 cho người dùng chủ động mở rộng bộ nhớ đến mức tối đa, đáp ứng mọi nhu cầu công việc và học tập.",9590000.00,VND,0,"{'"os'": '"Windows 11 Home'", '"ram'": '"16GB'", '"source'": '"cellphones'", '"battery'": '"3-cell, 41 Wh lithium-polymer'", '"purpose'": ['"văn phòng'", '"mỏng nhẹ'", '"laptop AI'"], '"storage'": '"512GB PCIE (1 Slot HDD Tối đa 1TB)'", '"ram_type'": '"DDR4'", '"gpu_model'": '"Intel UHD Graphics'", '"ram_slots'": '"2 khe (tối đa 16GB)'", '"specs_raw'": {'"Loại CPU'": '"Intel Core i5-1235U (10 lõi / 12 luồng, 1.30 GHz to 4.40 GHz, 12 MB)'", '"Cổng giao tiếp'": '"1x Đầu nối nguồn 1x HDMI 1.4 2x USB 3.2 Gen 1 1x Khe cắm thẻ SD 1x USB 2.0 1x Cổng tai nghe'", '"Độ phân giải màn hình'": '"1920 x 1080 pixels (FullHD)'"}, '"screen_size_inch'": 15.6, '"screen_technologies'": ['"Độ sáng 250 nits Độ phủ màu NTSC 45% Màn hình chống chói'"]}",t,https://cellphones.com.vn/laptop-dell-inspiron-15-3520-6r6nk-v2-16gb-cu-dep.html,2026-04-15 09:07:25.160665+00,2026-04-15 09:07:25.160677+00,4,1,1
14,Laptop Lenovo V14 G5 IRL 83HD0062VA,"Laptop Lenovo V14 G5 IRL 83HD0062VA – Giải pháp làm việc gọn nhẹ

Laptop Lenovo V14 G5 IRL 83HD0062VA sở hữu cấu hình tối ưu cho môi trường làm việc với vi xử lý Intel Core i5-13420H, RAM 16GB DDR5 và ổ SSD 512GB. Máy được trang bị màn hình 14 inch IPS Full HD 300 nits và trọng lượng chỉ 1.37kg. Laptop kết nối đa dạng, đi kèm viên pin 47Wh mang lại sự linh hoạt cho nhiều tác vụ.

Laptop Lenovo V14 G5 IRL 83HD0062VA có thiết kế mỏng nhẹ kết hợp chất liệu bền chắc giúp dễ dàng mang theo mỗi ngày. Bộ xử lý Intel thế hệ mới và màn hình sắc nét trên chiếc Laptop Lenovo V Series này mang đến trải nghiệm sử dụng thuận tiện trong công việc và học tập.

Lenovo V14 G5 IRL được trang bị 16GB RAM DDR5 5200MHz, mang lại khả năng phản hồi nhanh và vận hành mượt mà khi mở nhiều ứng dụng cùng lúc. Băng thông RAM cao giúp các tác vụ diễn ra trơn tru hơn. Máy cũng hỗ trợ nâng cấp lên đến 32GB RAM, phù hợp cho nhu cầu mở rộng trong tương lai.",11190000.00,VND,0,"{'"os'": '"Free OS'", '"ram'": '"16GB'", '"source'": '"cellphones'", '"battery'": '"47Wh, 65W USB-C (3-pin)'", '"purpose'": ['"văn phòng'", '"mỏng nhẹ'"], '"storage'": '"512GB SSD M.2 2242 PCIe 4.0x4 NVMe (One drive, up to 1TB M.2 2242 SSD)'", '"ram_type'": '"SODIMM DDR5-5200'", '"gpu_model'": '"Intel UHD Graphics'", '"ram_slots'": '"2 khe (1 x 16GB, nâng cấp tối đa 32GB)'", '"specs_raw'": {'"Loại CPU'": '"Intel Core i5-13420H, 8 lõi (4P + 4E) / 12 luồng, P-core up to 4.6GHz, E-core up to 3.4GHz, 12MB'", '"Cổng giao tiếp'": '"2x USB-A (5Gbps / USB 3.2 Gen 1) 1x USB-C (5Gbps / USB 3.2 Gen 1), với USB Power Delivery (chỉ 20V) và DisplayPort 1.2 1x HDMI 1.4b 1x Giắc cắm kết hợp tai nghe/micrô (3.5mm) 1x Ethernet (RJ-45) 1x Đầu nối nguồn'", '"Độ phân giải màn hình'": '"1920 x 1080 pixels (FullHD)'"}, '"screen_size_inch'": 14, '"screen_technologies'": ['"Độ sáng 300nits Màn hình chống chói Độ phủ màu 45% NTSC'"]}",t,https://cellphones.com.vn/laptop-lenovo-v14-g5-irl-83hd0062va-cu-dep.html,2026-04-15 09:07:38.58889+00,2026-04-15 09:07:38.588903+00,2,1,1
15,Laptop MSI Katana 15 B13UDXK-2269VN V2,"Laptop MSI Katana 15 B13UDXK-2269VN 16GB - Sức mạnh ấn tượng cho game thủ

Laptop MSI Katana 15 B13UDXK-2269VN 16GB trang bị Intel Core i7-13620H (10 lõi, tốc độ tối đa 4.9GHz), GPU NVIDIA RTX 3050 6GB và RAM 16GB DDR5-5200. Máy trang bị SSD 1TB, hệ thống tản nhiệt Cooler Boost 5 và màn hình 15.6 inch FHD 144Hz. Mẫu laptop MSI Katana này có thiết kế mạnh mẽ với bàn phím RGB 4 vùng, hỗ trợ Wi-Fi 6E và Bluetooth 5.3, pin 3 cell 53.5 Whr.

MSI Katana 15 B13UDXK-2269VN 16GB sở hữu nhiều ưu điểm tuyệt vời, nổi bật là chip xử lý mạnh mẽ kết hợp card đồ họa cao cấp. Với vẻ ngoài đẹp mắt, bền bỉ và hệ thống tản nhiệt tiên tiến, chiếc laptop này xứng đáng là một cỗ máy chiến game đỉnh cao.

Laptop MSI Katana 15 B13UDXK-2269VN 16GB sở hữu sức mạnh xử lý ấn tượng nhờ sự trang bị CPU Intel Core i7-13620H 10 lõi với tốc độ ép xung cơ bản 2.4GHz. Xung nhịp này có thể tăng lên tối đa 4.9GHz nhờ công nghệ Turbo Boost, mang đến sức mạnh xử lý vượt trội, dễ dàng xử lý các tác vụ đa nhiệm nặng như chơi game AAA.",18990000.00,VND,0,"{'"os'": '"Windows 11 Home'", '"ram'": '"16GB'", '"source'": '"cellphones'", '"battery'": '"3-Cell'", '"purpose'": ['"gaming'", '"đồ hoạ - kỹ thuật'"], '"storage'": '"1TB SSD'", '"ram_type'": '"DDR5-5200'", '"gpu_model'": '"NVIDIA GeForce RTX 3050 6GB Intel UHD Graphics'", '"ram_slots'": '"2 khe (2x 8GB, nâng cấp tối đa 64GB)'", '"specs_raw'": {'"Loại CPU'": '"Intel Core i7-13620H (2.4GHz,10 lõi (6 P-cores + 4 E-cores), Max Turbo Frequency 4.9 GHz)'", '"Cổng giao tiếp'": '"2 x Type-A USB3.2 Gen1 1 x Type-A USB2.0 1x HDMI 2.1 (8K @ 60Hz / 4K @ 120Hz)'", '"Độ phân giải màn hình'": '"1920 x 1080 pixels (FullHD)'"}, '"screen_size_inch'": 15.6, '"screen_technologies'": ['"Màn hình chống chói'"]}",t,https://cellphones.com.vn/laptop-msi-katana-15-b13udxk-2269vn-16gb-cu-dep.html,2026-04-15 09:07:40.719863+00,2026-04-15 09:07:40.719875+00,6,1,1
16,Laptop Acer Gaming Aspire 7 A715-59G-57TU,"Laptop Acer Gaming Aspire 7 A715-59G-57TU – Chiến binh hiệu năng

Laptop Acer Gaming Aspire 7 A715-59G-57TU được trang bị vi xử lý Intel Core i5-12450H cân trơn tru mọi tác vụ từ văn phòng cho đến chơi game nặng. Hỗ trợ cho vi xử lý là card đồ hoạ RTX 3050 6GB giúp chơi game nặng mượt mà hơn. Người dùng có thể mở nhiều nội dung hiển thị cùng một lúc với màn hình lên đến 15.6 inch.

Laptop Acer Gaming Aspire 7 A715-59G-57TU là mẫu laptop hội tụ đủ các yếu tố về hiệu năng mạnh mẽ, thiết kế hiện đại, màn hình sắc nét. Nếu khách hàng đang tìm kiếm một chiếc laptop cao cấp thì Acer Aspire 7 sẽ là một sự lựa chọn lý tưởng.

Laptop từ nhà MSI được hãng ưu ái trang bị bộ xử lý Intel Core i5-12450H cho hiệu suất giải quyết công việc vượt trội. Tần số Turbo tối đa của P-core 4.4 GHz cho phép giải quyết tốt các công việc. Con chip này có 8 nhân 12 luồng, xung nhịp cao đủ sức gánh tốt các tác vụ từ văn phòng, lập trình, thiết kế đồ họa đến gaming từ nhẹ đến nặng.",16090000.00,VND,0,"{'"os'": '"Windows 11 Home Single Language'", '"ram'": '"16GB'", '"source'": '"cellphones'", '"battery'": '"Pin Li-ion 3 cell 54,8Wh Bộ đổi nguồn AC 150W'", '"purpose'": ['"gaming'", '"đồ hoạ - kỹ thuật'"], '"storage'": '"512GB PCIe NVMe SSD (Nâng cấp tối đa 4TB)'", '"ram_type'": '"DDR4 3200 MT/s'", '"gpu_model'": '"NVIDIA GeForce RTX 3050 6 GB, supporting 2560 NVIDIA CUDA Cores'", '"ram_slots'": '"2 khe (Máy nguyên bản 16GB)'", '"specs_raw'": {'"Loại CPU'": '"Intel Core i5-12450H (8 lõi / 12 luồng, Tần số Turbo tối đa của E-core : 3.3 GHz, Tần số Turbo tối đa của P-core : 4.4 GHz, 12 MB Intel Smart Cache)'", '"Cổng giao tiếp'": '"2x cổng USB Type-C 2x cổng USB Standard-A Cổng HDMI 2.1 có hỗ trợ HDCP Cổng Ethernet (RJ-45) Giắc cắm 3.5 mm, hỗ trợ tai nghe có micrô tích hợp Giắc cắm DC-in cho bộ đổi nguồn AC Đầu đọc thẻ microSD Mini DisplayPort 1.4'", '"Độ phân giải màn hình'": '"1920 x 1080 pixels (FullHD)'"}, '"screen_size_inch'": 15.6, '"screen_technologies'": ['"Độ sáng 250nits Độ phủ màu 45% NTSC Acer ComfyView Màn hình LCD TFT có đèn nền LED Góc nhìn rộng lên đến 170 độ Thiết kế siêu mỏng'"]}",t,https://cellphones.com.vn/laptop-acer-gaming-aspire-7-a715-59g-57tu-cu-tray-xuoc.html,2026-04-15 09:08:09.768821+00,2026-04-15 09:08:09.768832+00,3,1,1
